Top queries,Clicks,Impressions,CTR,Position
necc egg rate,243,45862,0.53%,6.07
egg rate,188,108611,0.17%,7.98
necc egg,127,16541,0.77%,6.28
egg rate today,101,25399,0.4%,8.56
today egg rate,93,35980,0.26%,8.72
necc rate,79,6782,1.16%,5.24
necc egg rate today,63,12001,0.52%,7.71
daily egg rate,36,10049,0.36%,8.17
national egg rate,26,6685,0.39%,4.95
egg rate necc,20,2943,0.68%,5.84
barwala egg rate today,16,4790,0.33%,10.36
egg rate in india,16,1737,0.92%,7.54
necc rate egg,15,185,8.11%,5.18
egg daily rate,14,1672,0.84%,6.44
national egg coordination committee egg rate,14,258,5.43%,5.07
all india egg rate,13,2917,0.45%,7.43
necc rates,13,694,1.87%,5.8
barwala egg rate,11,7940,0.14%,9.15
30 egg price today,10,8660,0.12%,10.41
egg price today,9,4060,0.22%,10.59
necc egg rates,8,3128,0.26%,6.67
egg necc rate,8,2333,0.34%,6.61
necc egg price today,7,1064,0.66%,6.58
egg necc,7,615,1.14%,5.48
egg rate daily,7,349,2.01%,5.88
egg price,6,6525,0.09%,11.7
1 peti egg price today,6,2937,0.2%,9.96
necc egg price,6,2789,0.22%,7.07
egg rate today in bangalore,6,1753,0.34%,10.58
egg price in india,6,1263,0.48%,11.86
today necc egg rate,6,1029,0.58%,7.53
egg prices india,6,136,4.41%,7.75
egg rate barwala,5,1478,0.34%,9.68
today egg rate in mumbai,5,1397,0.36%,9.4
necc egg rate mumbai,5,1129,0.44%,6.63
indian egg rate,5,430,1.16%,6.74
egg price necc,5,395,1.27%,5.99
today egg rate in bangalore,4,2924,0.14%,10.06
egg rate today mumbai,4,1763,0.23%,9.23
egg rate in bangalore,4,1594,0.25%,10.49
today egg rate kolkata,4,1298,0.31%,11.6
egg rate in chennai,4,1157,0.35%,10.13
national egg rate today,4,943,0.42%,6.78
egg rate india,4,548,0.73%,8.12
necc egg rate hyderabad,4,450,0.89%,7.57
ncc egg rate,4,416,0.96%,5.74
chennai egg rate,4,343,1.17%,10.56
egg ret,4,321,1.25%,10.26
today egg rate bangalore,3,4159,0.07%,9.56
egg market,3,1067,0.28%,14.91
egg rates,3,1043,0.29%,8.17
egg rate today chennai,3,789,0.38%,9.36
to day egg price,3,688,0.44%,9.6
eeg rate,3,679,0.44%,6.77
delhi egg rate today,3,615,0.49%,11.78
daily and monthly egg rate,3,527,0.57%,5.46
today egg rate in india,3,456,0.66%,9.58
ncc egg,3,358,0.84%,6.59
egg wholesale rate,3,320,0.94%,12.12
daily egg rate necc,3,211,1.42%,4.28
egg rate today mumbai market,3,202,1.49%,8.28
necc price,3,178,1.69%,6.26
आज का अंडा रेट,3,126,2.38%,13.9
eggrate.in,3,123,2.44%,8.52
eggs rate today hyderabad,3,35,8.57%,7.34
eggs rate in warangal,3,9,33.33%,10.44
today egg rate chennai,2,3353,0.06%,8.95
eggs rate,2,1649,0.12%,10.05
egg daily and monthly price,2,1594,0.13%,5.94
today egg price,2,1499,0.13%,11.24
bangalore egg rate,2,1361,0.15%,10.31
to day egg rate,2,1199,0.17%,8.46
today egg rate in hubli,2,1118,0.18%,7.1
national egg price,2,1014,0.2%,7.39
egg rate today bangalore,2,973,0.21%,10.57
necc rate today,2,880,0.23%,6.44
siliguri egg rate today,2,699,0.29%,6.9
today's egg rate,2,690,0.29%,9.01
egg today rate,2,677,0.3%,9.49
egg price in bangalore today,2,670,0.3%,9.99
egg price in chennai,2,669,0.3%,12.37
eggs rate today,2,638,0.31%,10.51
necc egg rate today hyderabad,2,606,0.33%,8.61
egg rate today barwala,2,474,0.42%,10.71
egg price india,2,430,0.47%,8.29
today egg price in bangalore,2,398,0.5%,10.6
necc daily egg rate,2,337,0.59%,4.55
egg market rate,2,281,0.71%,13.3
kanpur egg rate today,2,274,0.73%,9.38
necc egg rate barwala,2,244,0.82%,7.64
egg price bhubaneswar,2,209,0.96%,10.35
egg prices in india,2,205,0.98%,9.05
necc egg rate mumbai today,2,185,1.08%,6.41
egg rate today patna,2,185,1.08%,8.96
today egg rate in delhi,2,154,1.3%,11.79
indian egg price,2,146,1.37%,8.53
today necc rate,2,117,1.71%,5.58
current egg price in india,2,100,2%,8.7
egg price today in india,2,64,3.12%,8.67
todayeggrate.in,2,55,3.64%,6.07
ncc egg price,2,55,3.64%,6.2
egg rate chart,2,54,3.7%,8.2
egg rate in assam,2,43,4.65%,8.63
mumbai anda rate,2,42,4.76%,8.57
eggs rates,2,30,6.67%,11.17
wholesale egg rate today,2,28,7.14%,10.71
eggs price india,2,19,10.53%,7.16
eggs wholesale price today,2,18,11.11%,10.17
necc egg rate today bangalore,1,1111,0.09%,8.28
egg rate mumbai,1,856,0.12%,10.6
all india egg rate today,1,847,0.12%,8.34
egg rate daily and monthly,1,836,0.12%,4.48
necc egg rate today mumbai,1,801,0.12%,7.5
today egg rate mumbai,1,800,0.12%,8.69
today bangalore egg rate,1,694,0.14%,10.84
egg rate in kerala,1,686,0.15%,9.93
jabalpur anda rate,1,646,0.15%,9.47
neccrate,1,641,0.16%,7.48
egg rate today kanpur,1,620,0.16%,9.88
today egg rate in vizag,1,617,0.16%,10.1
today egg rate in west bengal,1,609,0.16%,10.59
necc egg rate today kolkata,1,605,0.17%,9
egg rate in chennai today,1,569,0.18%,9.8
today egg rate hyderabad,1,563,0.18%,10.7
egg rate in mumbai,1,548,0.18%,11.36
today egg rate necc,1,520,0.19%,7.01
today's egg price,1,496,0.2%,10.57
egg price in kerala,1,477,0.21%,12.4
egg price in bangalore,1,403,0.25%,14.57
west bengal egg rate today,1,383,0.26%,10.32
today egg rate in hyderabad,1,361,0.28%,13.01
egg daily price,1,359,0.28%,6.21
today egg rate barwala,1,351,0.28%,10.79
asansol egg rate,1,347,0.29%,6.49
today egg rate kanpur,1,336,0.3%,9.52
today egg rate in madurai,1,310,0.32%,8.48
egg rate siliguri,1,309,0.32%,5.74
egg rate mumbai today,1,309,0.32%,9.87
egg rate today hyderabad,1,309,0.32%,14.19
poultry egg rate,1,295,0.34%,7.79
national egg coordination committee price,1,293,0.34%,6.67
egg rate today bhopal,1,291,0.34%,10.53
bangalore egg rate today,1,279,0.36%,10.68
egg rate bangalore,1,278,0.36%,10.41
monthly egg rate,1,274,0.36%,5.56
egg rate today kolkata,1,272,0.37%,14
nccegg rate,1,271,0.37%,7.32
national egg price today,1,268,0.37%,7.13
egg wholesale price in kolkata today,1,250,0.4%,11.17
today egg rate bangalore wholesale,1,245,0.41%,9.27
ncc eggs,1,233,0.43%,6.18
today eggs rate,1,232,0.43%,11.31
wholesale egg price in hyderabad today,1,229,0.44%,12.59
30 egg tray price today,1,224,0.45%,12.13
1 tray of eggs price today,1,214,0.47%,13.8
nce egg rate,1,198,0.51%,7.15
chennai egg market,1,185,0.54%,10.88
eggrate,1,182,0.55%,9.18
national egg,1,177,0.56%,7.15
necc egg share price,1,176,0.57%,7.37
kolkata egg rate today,1,174,0.57%,11.52
live egg rate,1,172,0.58%,7.43
egg price india today,1,171,0.58%,4.95
barwala ka rate,1,150,0.67%,8.94
egg rate today jammu,1,149,0.67%,9.15
agg rat,1,146,0.68%,22.97
today egg rate namakkal,1,145,0.69%,13.13
egg rate today vizag,1,135,0.74%,11.07
egg wholesale rate in kerala,1,134,0.75%,9.4
necc egg rate today odisha,1,124,0.81%,9.67
egg rate in hyderabad,1,118,0.85%,12.95
necc egg rate chennai,1,115,0.87%,6.95
gorakhpur egg rate today,1,112,0.89%,8.98
eggprice,1,104,0.96%,7.74
barwala rate,1,102,0.98%,10.92
egg price in west bengal today,1,101,0.99%,11.74
egg price in siliguri,1,100,1%,5.32
anda ka rate,1,100,1%,13.76
wholesale egg price in india,1,95,1.05%,9.13
egg price in goa,1,89,1.12%,8.94
egg wholesale price in chennai today,1,86,1.16%,10.5
today egg rate in pondicherry,1,85,1.18%,9.78
egg rate today in india,1,79,1.27%,11.24
wholesale egg rate,1,77,1.3%,9.25
necc egg rate namakkal,1,76,1.32%,8.71
today is egg rate,1,70,1.43%,11.09
egg rate today agra,1,64,1.56%,8.17
to day egg rate in vizag,1,61,1.64%,9.54
necc egg price list,1,60,1.67%,5.18
egg rates in india,1,59,1.69%,8.71
eggs rate in india,1,54,1.85%,9.11
today mumbai egg rate,1,53,1.89%,9.53
necc egg prices,1,52,1.92%,6.5
egg rate chennai today,1,48,2.08%,10.62
e2necc egg rate,1,47,2.13%,10.02
egg rate in punjab,1,47,2.13%,16
ncc egg ret,1,46,2.17%,11.96
egg price in vadodara,1,41,2.44%,10.71
assam egg rate today,1,37,2.7%,8.24
necc india,1,36,2.78%,8.72
1 peti egg price today in kolkata,1,33,3.03%,10.91
egg price in odisha,1,33,3.03%,20.27
latest wholesale rates of barwala eggs,1,30,3.33%,6.03
today namakkal egg rate,1,30,3.33%,26.13
egg price in kerala today,1,27,3.7%,17.63
आज का अंडा का रेट,1,25,4%,11.08
today egg rate nagpur,1,23,4.35%,4.96
1 peti egg price today near me,1,18,5.56%,8.11
per egg price,1,16,6.25%,7.31
egg rate live,1,16,6.25%,10.12
egg wholesale price in delhi today,1,15,6.67%,10.07
cheapest egg price in india,1,15,6.67%,11.53
n e c c egg rate,1,11,9.09%,4.45
egg eate,1,11,9.09%,9.18
egg rate list today,1,11,9.09%,10.27
egg tray price in noida,1,8,12.5%,9.62
anda ki rate,1,5,20%,10.6
egg rate lucknow,1,5,20%,12
100 egg price in ludhiana today,1,5,20%,21.2
namakkal necc egg rate,1,2,50%,11.5
egg price website,1,1,100%,5
necc egg rate facebook,1,1,100%,13
todayeggrate,0,2144,0%,8.92
west bengal egg rate,0,1070,0%,10.17
necceggrate,0,822,0%,6
india egg rate,0,758,0%,8.94
daily egg price,0,737,0%,8.86
chennai egg rate today,0,691,0%,9.71
today chennai egg rate,0,640,0%,9
egg rate in mumbai today,0,572,0%,10.01
egg.rate,0,566,0%,8.61
today egg rate in chennai,0,548,0%,9.55
egg rate today asansol,0,522,0%,8.17
barwala egg market,0,496,0%,11.23
अंडे का रेट,0,478,0%,14.93
barwala egg,0,436,0%,6.79
egg rate in hubli,0,433,0%,7.61
eggs daily rate,0,392,0%,7.04
daily and monthly egg price,0,391,0%,3.82
egg price today bangalore,0,385,0%,11.38
today egg,0,384,0%,8.87
today egg rate in kolkata,0,381,0%,11.22
kanpur egg rate,0,349,0%,9.28
namakkal egg rate today,0,343,0%,16.13
today west bengal egg rate,0,340,0%,10.06
today's egg price in bangalore,0,338,0%,9.77
today egg rate vijayawada,0,338,0%,10.29
eggs rate in mumbai,0,336,0%,10.71
india egg rate today,0,331,0%,9.94
egg rate in madurai,0,328,0%,9.13
today egg price in kolkata,0,305,0%,11.54
anda rate,0,302,0%,10.06
west bengal egg price,0,292,0%,10.4
egg. rate,0,284,0%,7.81
punjab egg rate,0,283,0%,11.39
today egg rate hubli,0,282,0%,7.37
barwala anda rate,0,278,0%,8.85
अंडा रेट,0,272,0%,14.68
kolkata egg rate,0,268,0%,14.03
delhi egg rate,0,263,0%,16.67
one egg price in india today,0,259,0%,10.07
necc today egg rate,0,247,0%,7.61
www.e2necc.com daily and monthly price,0,238,0%,8.24
barwala egg price,0,238,0%,9.87
today egg rate in vijayawada,0,236,0%,10.12
www.egg rate.com,0,234,0%,7.82
egg rate in bangalore today,0,230,0%,10.24
today egg rate in bhubaneswar,0,229,0%,9.37
today barwala egg rate,0,229,0%,10.94
eggs price,0,226,0%,15.69
mumbai egg rate today,0,222,0%,9.86
necc egg rate today india,0,217,0%,2.56
to day egg price in kolkata,0,213,0%,10.03
barwala rate today,0,213,0%,10.6
today egg price in west bengal,0,212,0%,11.19
current egg price,0,210,0%,9.93
egg today price,0,209,0%,10.7
www.necc egg rate,0,207,0%,5.98
egg rate today punjab,0,202,0%,11.69
necc.egg,0,201,0%,6.74
టుడే ఎగ్ రేట్,0,200,0%,10.57
egg necc rate today,0,199,0%,8.35
egg price bangalore today,0,199,0%,10.59
egg rate barwala today,0,197,0%,10.78
egg rate in india today,0,192,0%,9.94
egg rate in hubli today,0,189,0%,5.32
egg rate today gorakhpur,0,188,0%,8.66
egg today rate chennai,0,187,0%,9.27
egg rate today hubli,0,186,0%,7.25
india egg price,0,185,0%,9.45
mumbai egg rate,0,185,0%,11.95
hyderabad egg rate,0,185,0%,11.99
e2necc egg,0,182,0%,11.47
barvala agg rat,0,178,0%,8.12
egg prices,0,176,0%,16.8
necc egg rate west bengal,0,172,0%,9.81
mumbai necc egg rate,0,171,0%,6.82
madurai egg rate,0,171,0%,10.16
e2cc egg,0,168,0%,6.73
eggs rate in vizag,0,167,0%,9.85
egg rate chennai,0,166,0%,9.99
west bengal egg price today,0,163,0%,10.07
today delhi egg rate,0,161,0%,10.58
egg rate today lucknow,0,160,0%,11.41
egg price today india,0,159,0%,4.88
vijayawada egg rate today,0,154,0%,10.35
बरवाला एग रेट टुडे,0,150,0%,9.98
egg rate today vadodara,0,149,0%,9.57
today egg rate in kerala,0,148,0%,9.61
today egg rate vizag,0,148,0%,11.22
eggs rate in vijayawada,0,147,0%,10.16
today egg rate in odisha,0,147,0%,11.78
today egg rate west bengal,0,145,0%,11.17
ande ka rate,0,144,0%,30.59
1 egg price in india,0,143,0%,10.15
eggs rate in bangalore,0,141,0%,10.18
heroes egg rate,0,141,0%,10.3
price of eggs today,0,141,0%,14.7
1 egg price,0,140,0%,18.69
necc egg rate bangalore,0,138,0%,5.72
today egg price in chennai,0,138,0%,10.77
egg rate west bengal,0,136,0%,10.33
egg price in delhi,0,136,0%,32.4
todays egg rate,0,135,0%,9.15
daily egg,0,134,0%,7.08
barwala anda,0,134,0%,9.18
egg rate jabalpur,0,132,0%,9.85
100 egg price in mumbai today,0,132,0%,11.48
today egg rate in jammu,0,130,0%,8.82
kanpur anda rate,0,128,0%,8.23
today egg price.com,0,126,0%,15.67
egg rate all india,0,125,0%,9.6
chennai today egg rate,0,124,0%,8.85
necc egg rate kolkata,0,123,0%,8.58
necc eggs,0,122,0%,7.3
today egg necc rate,0,122,0%,8.84
eggs price today,0,122,0%,10.87
today egg rate in punjab,0,122,0%,12.39
www egg rate,0,121,0%,6.97
egg wholesale rate in mumbai today,0,120,0%,10.28
30 egg price today in bangalore,0,120,0%,11.09
egg rate kolkata,0,120,0%,14.65
hubli egg rate,0,119,0%,7.76
today egg price in mumbai,0,119,0%,9.63
e2 necc,0,119,0%,10.08
e2necc price list,0,115,0%,8.29
patna egg rate,0,114,0%,8.1
daily egg rate chart,0,113,0%,7.77
to day egg rate in bangalore,0,112,0%,9.61
today egg price bangalore,0,110,0%,10.52
to day egg rate in hyderabad,0,110,0%,11.56
yesterday egg rate in bangalore,0,109,0%,9.21
barbala egg ret,0,109,0%,11.37
today egg rate in chittoor,0,108,0%,10.93
egg price in west bengal,0,106,0%,13.02
deli egg ret,0,105,0%,7.9
egg mandi,0,105,0%,10.22
egg rate in hyderabad today,0,105,0%,14.81
necc egg rate today chennai,0,104,0%,7.22
egg rate today west bengal,0,104,0%,10.79
hyderabad egg rate today,0,103,0%,8.96
necc namakkal egg rate today,0,102,0%,8.18
current egg rate,0,102,0%,9.46
egg price chennai today,0,101,0%,9.59
nepa egg rate,0,99,0%,4.01
egg price in pondicherry,0,99,0%,9.63
টুডে এগ রাতে কলকাতা,0,99,0%,9.69
egg rate today in west bengal,0,99,0%,11.53
डेली एग रेट,0,98,0%,7.2
anda rate jabalpur,0,98,0%,10.41
barwala egg price today,0,97,0%,11.46
international egg rate,0,97,0%,12.56
daily egg rate today,0,96,0%,7.79
madurai egg rate today,0,96,0%,8.99
egg market rate today,0,96,0%,9.73
egg price in india today,0,95,0%,8.92
kanpur ande ka rate,0,95,0%,10.43
necc rate mumbai,0,94,0%,6.67
egg barwala,0,94,0%,9.2
egg price in bhubaneswar,0,94,0%,9.4
egg wholesale price today,0,94,0%,12.05
egg rate today chandigarh,0,93,0%,8.05
ande ki rate list,0,93,0%,9.33
maharashtra egg rate,0,92,0%,23.8
price of eggs,0,92,0%,32.93
egg rate bangalore today,0,91,0%,9.84
today egg market,0,91,0%,10.35
aaj ka anda ka rate,0,91,0%,10.42
today egg rate in warangal,0,91,0%,10.56
"egg rate today near durgapur, west bengal",0,90,0%,7.97
today eggs price,0,90,0%,11.07
egg price bangalore,0,90,0%,12.4
eggs rate in hyderabad,0,90,0%,13.37
necc.egg.rate,0,88,0%,6.8
today vizag egg rate,0,88,0%,9.68
today's egg rate in bangalore,0,88,0%,10.57
barwala egg market today,0,88,0%,11.67
wholesale egg prices,0,88,0%,25.82
mumbai egg rate necc,0,87,0%,7.41
mote rate,0,87,0%,8.23
e2necc egg price,0,86,0%,8.66
patna egg rate today,0,86,0%,8.76
barwala ande ka rate,0,86,0%,11.31
punjab egg rate today,0,86,0%,12.72
agg ret,0,85,0%,8.02
egg live rate,0,85,0%,10.36
price of eggs in india,0,84,0%,8.57
today egg price west bengal,0,84,0%,10.39
egg tray price today,0,84,0%,12.75
eggrates,0,83,0%,3.49
egg rate today amritsar,0,83,0%,8.13
vizag egg rate,0,83,0%,9.52
hyderabad anda rate,0,83,0%,9.61
egg price rate,0,83,0%,10.18
anda rate today,0,83,0%,10.48
egg peti price,0,82,0%,10.01
egg price in mumbai today,0,82,0%,12.01
egg price in madurai,0,81,0%,9.53
egg rate kanpur,0,81,0%,9.77
today egg rate hospet,0,81,0%,10.69
egg rat,0,80,0%,7.91
today egg rate vadodara,0,80,0%,9.86
kolkata egg price today,0,80,0%,11.07
egg price today mumbai,0,78,0%,10.29
egg price today chennai,0,78,0%,11.08
egg price list,0,77,0%,8.22
punjab egg price today,0,77,0%,11.38
necc egg price india today,0,76,0%,2.11
new egg rate,0,76,0%,8.76
today. egg rate,0,76,0%,8.82
egg price in berhampur,0,76,0%,10.99
egg price in hyderabad,0,76,0%,30.03
today egg rate delhi,0,75,0%,14.04
necc egg rate india,0,74,0%,5.19
egg national price,0,74,0%,6.28
necc egg rate today jabalpur,0,74,0%,8.45
two day egg price,0,74,0%,9.47
egg rate today kerala,0,74,0%,10.53
egg price chennai,0,74,0%,12.07
egg rate today daily egg prices,0,74,0%,31.69
egg rate in dharwad,0,73,0%,8.03
egg wholesale rate today,0,73,0%,11.53
eggs price in india,0,73,0%,11.73
necc mumbai egg rate,0,72,0%,7.46
ऐग रेट,0,72,0%,8.65
egg today,0,72,0%,9.68
egg rate today jabalpur,0,72,0%,10.74
egg mandi rate,0,72,0%,11.67
egg rate haryana,0,72,0%,17
egg farm rate,0,71,0%,9.55
barwala egg mandi,0,71,0%,9.79
today egg rate in barwala,0,71,0%,11.32
wholesale egg price,0,71,0%,12.97
today egg price in hyderabad,0,71,0%,13.15
egg price india may 2025,0,70,0%,5.09
egg rate patna,0,70,0%,8.47
1 egg price in kerala,0,70,0%,9.26
yesterday egg rate,0,70,0%,9.73
yesterday egg rate in chennai,0,70,0%,10.77
egg rate today necc,0,69,0%,7.23
1 peti egg price,0,69,0%,10.1
egg rate egg rate,0,69,0%,10.28
today kolkata egg rate,0,69,0%,10.35
today egg rate visakhapatnam,0,69,0%,10.78
egg rate today vijayawada,0,69,0%,12.51
egg prices today,0,69,0%,16.16
necc+egg+rate,0,68,0%,6.25
नेशनल एग रेट,0,68,0%,7.18
egg rate today chittoor,0,68,0%,10.93
egg rate today jalandhar,0,67,0%,10.42
egg price barwala,0,67,0%,11.76
varmala egg rate,0,66,0%,7.92
necc egg rate today west bengal,0,66,0%,9.38
today egg rate lucknow,0,66,0%,10.03
today egg rate in bangalore market,0,66,0%,10.44
kolkata anda rate,0,66,0%,10.47
एग रेट,0,66,0%,11.94
egg price india per egg,0,65,0%,4.82
price of egg in india,0,65,0%,11.38
today eggs rate hyderabad,0,65,0%,11.52
egg price today in bangalore,0,65,0%,12.57
www.egg rate,0,64,0%,8.14
kerala egg rate,0,64,0%,9.52
today egg rate in bengaluru,0,64,0%,11.09
namakkal egg rate,0,64,0%,26.75
ncc egg rate today,0,63,0%,7.67
एनईसी एग रेट टुडे,0,63,0%,9.05
jabalpur egg rate today,0,63,0%,10.89
egg price mumbai today,0,62,0%,7.5
bangalore today egg rate,0,62,0%,10.97
egg rate in,0,62,0%,12.5
kolkata egg price,0,62,0%,14.56
egg price in assam today,0,61,0%,8.62
today.egg.rate,0,61,0%,9.39
egg rate vijayawada,0,61,0%,10.31
today vijayawada egg rate,0,61,0%,11.23
egg price mumbai,0,61,0%,12.39
egg rate bhopal,0,61,0%,13.18
egg paper rate,0,61,0%,27.61
rate egg,0,60,0%,7.43
necc egg rate today vizag,0,60,0%,9.88
today's eggs rate,0,60,0%,10.42
necc mumbai,0,60,0%,10.47
egg price in chennai today,0,60,0%,11.58
barwala mandi egg rate today,0,60,0%,11.77
vijayawada egg rate,0,60,0%,11.93
egg rate in bhubaneswar,0,59,0%,9.22
today egg rate jabalpur,0,59,0%,10.27
today egg rate warangal,0,59,0%,11
egg rate in west bengal,0,59,0%,15.37
aaj ka ande ka rate,0,59,0%,29.17
today anda rate,0,58,0%,11.29
egg price in jammu,0,58,0%,11.59
egg cost in india,0,58,0%,12.62
egg rate hyderabad,0,58,0%,17.28
necc egg rate delhi,0,57,0%,7.75
egg rate today madurai,0,57,0%,8.58
egg price in assam,0,57,0%,11.75
necc egg price today india,0,56,0%,2.34
egg reat,0,56,0%,8.89
today egg price rate,0,56,0%,10.07
odisha egg rate today,0,56,0%,11.05
hyderabad egg rate today necc,0,55,0%,4.4
www e2necc com daily and monthly price,0,55,0%,7.49
barwala mandi egg rate,0,55,0%,10.33
egg rate in barwala,0,55,0%,12.15
ಎಗ್ ರೇಟ್,0,54,0%,8.54
necc egg rate today kolkata west bengal,0,54,0%,9.83
hyderabad today egg rate,0,54,0%,10.44
bengaluru egg rate,0,54,0%,11.59
anda price today,0,54,0%,12.85
egg wholesale price,0,54,0%,17.83
egg rate today delhi,0,54,0%,20.22
tomorrow egg rate,0,54,0%,36.91
egg mandi rate today,0,53,0%,10.11
egg rate today warangal,0,53,0%,10.49
anda rate barwala,0,53,0%,10.75
egg rate today in chennai,0,53,0%,11.38
egg price in hyderabad today,0,53,0%,14.96
eggs rate in chennai,0,52,0%,9.6
rate of eggs today,0,52,0%,10.33
egg rate in kerala today,0,52,0%,10.37
today egg rate bhopal,0,52,0%,10.42
berhampur egg rate today,0,52,0%,11.12
egg rate for today,0,52,0%,11.67
egg wholesale price in mumbai,0,52,0%,13.77
egg rate today karnataka,0,52,0%,17.69
anda price,0,52,0%,20.33
necc eggs rate,0,51,0%,5.71
egg price daily,0,51,0%,7.53
egg price in vizag,0,51,0%,8.65
today egg rate in chandigarh,0,51,0%,9.18
egg rate in dehradun,0,51,0%,9.73
what is egg rate today,0,51,0%,9.76
today egg rate in berhampur,0,51,0%,10.45
egg rate jabalpur today,0,51,0%,10.63
mumbai ande ka rate,0,51,0%,11.73
egg rate today in kolkata,0,51,0%,13.25
visakhapatnam egg rate today,0,50,0%,10.4
daily egg rate in kolkata,0,50,0%,11.92
egg rate today odisha,0,50,0%,12.98
egg price india today necc,0,49,0%,2.24
bengal egg rate,0,49,0%,10.18
egg barwala rate,0,49,0%,10.31
egg price today west bengal,0,49,0%,11.45
egg today rate bangalore,0,49,0%,11.63
बरवाला अंडे का रेट,0,49,0%,12.45
egg.price,0,49,0%,13.16
one egg price in kerala,0,48,0%,9.15
today egg rate jalandhar,0,48,0%,10.77
mumbai eggs rate,0,48,0%,11.15
necc namakkal egg rate,0,47,0%,7.85
egg tray rate,0,47,0%,9.85
today egg rates,0,47,0%,10.43
kerala egg rate today,0,47,0%,10.96
delhi egg price today,0,47,0%,12.6
egg price in mumbai,0,47,0%,14.13
ncc egg market,0,46,0%,7.96
egg price in himachal pradesh,0,46,0%,9.85
टुडे एग रेट,0,46,0%,10.52
egg rate in gorakhpur,0,46,0%,12.17
egg rate in odisha,0,46,0%,14.52
today egg paper rate,0,46,0%,21.04
necc egg rate today delhi,0,45,0%,8.4
eggs today rate,0,45,0%,8.49
nse egg rate,0,45,0%,8.89
today kolkata egg price,0,45,0%,10
egg price kerala,0,45,0%,10.82
egg ka rate,0,45,0%,13.38
egg market today,0,45,0%,13.93
national egg coordination committee,0,45,0%,20.04
egg price in kolkata,0,45,0%,24.16
today egg rate madurai,0,44,0%,7.98
egg price in chandigarh,0,44,0%,8.57
necc egg rate mysore,0,44,0%,8.68
cost of eggs in india,0,44,0%,10
egg rate today india,0,44,0%,10.23
necc egg rate today punjab,0,44,0%,10.32
egg wholesale price in kerala,0,44,0%,10.59
eggs rate in hyderabad today,0,44,0%,12.16
today egg price in delhi,0,44,0%,12.95
egg market price,0,44,0%,15.25
ఎగ్ రేట్,0,43,0%,9.07
west bengal today egg rate,0,43,0%,9.37
egg price in kochi,0,43,0%,9.6
today egg price in visakhapatnam,0,43,0%,10.51
1 egg rate today,0,43,0%,10.81
egg rete,0,43,0%,12.95
egg price in punjab,0,43,0%,16.21
namakkal egg rate today necc,0,42,0%,8.29
1 tray egg price in kerala,0,42,0%,9.1
egg plate price in assam,0,42,0%,9.76
egg price today in chennai,0,42,0%,11
today egg price in kerala,0,42,0%,11.17
बरवाला एग रेट,0,42,0%,11.81
egg rates today,0,42,0%,12.24
poultry egg rate today,0,42,0%,12.98
necc egg rate hyderabad today,0,41,0%,5.24
man egg rate,0,41,0%,9.32
wholesale egg price today,0,41,0%,10.29
karnataka egg rate today,0,41,0%,10.9
egg cost today,0,41,0%,16.51
egg rate delhi,0,40,0%,18.93
kerala egg price today,0,39,0%,7.46
peti egg,0,39,0%,8.54
egg price karnataka,0,39,0%,10
1 egg price today,0,39,0%,10.62
hospet egg rate today,0,39,0%,10.74
egg price west bengal,0,39,0%,11.1
egg price in guwahati,0,39,0%,11.15
price of one egg in india,0,39,0%,12.31
egg rate in bihar,0,39,0%,24.69
necc egg rate chennai today,0,38,0%,4.82
egg average price,0,38,0%,8.53
egg rate kerala,0,38,0%,8.66
anda barwala rate,0,38,0%,8.79
eggs rate today mumbai,0,38,0%,9.5
egg today price chennai,0,38,0%,9.74
bangalore egg price,0,38,0%,13.71
barwala anda ka rate,0,38,0%,14.05
egg daily,0,38,0%,22.45
ande ki rate,0,38,0%,37.68
today necc egg rate hyderabad,0,37,0%,8
egg barwala rate today,0,37,0%,9.59
agg rate,0,37,0%,9.62
egg retail price in chennai,0,37,0%,10.95
egg price in barwala,0,37,0%,11.49
odisha egg rate,0,37,0%,12.14
today egg price in odisha,0,37,0%,16.59
necc egg price hyderabad today,0,36,0%,4.53
to day egg,0,36,0%,9.58
egg price today kerala,0,36,0%,9.92
एग रेट टुडे,0,36,0%,10.22
egg price barwala today,0,36,0%,10.69
egg rate today egg rate,0,36,0%,11.03
bhopal egg rate,0,36,0%,11.56
egg market price today,0,36,0%,13.5
karnataka egg rate,0,36,0%,13.53
egg mumbai rate,0,36,0%,13.97
today egg rate raipur,0,36,0%,18.47
today eggs rate in vijayawada,0,35,0%,10.06
today egg price in india,0,35,0%,10.6
kerala egg price,0,35,0%,11.17
bihar egg rate,0,35,0%,25.46
raipur egg rate,0,35,0%,32.74
egg price per piece india may 2025,0,34,0%,3.91
national eggs price,0,34,0%,6.79
एग रते,0,34,0%,9.56
today egg price chennai,0,34,0%,9.82
visakhapatnam egg rate,0,34,0%,10.18
today eggs rate in hyderabad,0,34,0%,11.68
today hyderabad egg rate,0,34,0%,11.97
eggs live rate,0,34,0%,12.21
ande ka bhav,0,34,0%,36.29
1 egg price in india today,0,33,0%,9.21
indian egg price today,0,33,0%,9.21
egg rate kanpur today,0,33,0%,10.15
egg tray rate today,0,33,0%,10.48
egg peti,0,33,0%,10.79
egg price today hyderabad,0,33,0%,18.7
necc egg rate india today,0,32,0%,2
egg rate in goa,0,32,0%,6.94
egg rate in himachal,0,32,0%,8.31
cost of egg in india,0,32,0%,8.47
daily egg rates,0,32,0%,8.88
today egg rate in visakhapatnam,0,32,0%,9
today rate of egg,0,32,0%,9.38
what is the price of egg in india,0,32,0%,9.88
today egg rate bengaluru,0,32,0%,10.88
today egg rate chittoor,0,32,0%,11.03
cost of 1 egg in india,0,32,0%,13.12
egg paper rate today,0,32,0%,20.28
egg rs,0,32,0%,96.28
eggs necc,0,31,0%,4.81
egg india price,0,31,0%,8.39
e2necc daily price,0,31,0%,8.61
today egg rate in hyderabad wholesale,0,31,0%,10.97
1 carat egg price,0,31,0%,11.1
egg price today in west bengal,0,31,0%,11.97
egg rate punjab,0,31,0%,14.23
egg ncc,0,31,0%,14.84
price of egg,0,31,0%,16.52
egg rate pune,0,31,0%,25
ajmer egg rate,0,31,0%,32
egg price delhi today,0,30,0%,6.03
todays egg price,0,30,0%,8.7
egg rate in vijayawada today,0,30,0%,9.67
today eggs rate in visakhapatnam,0,30,0%,10.63
egg rate yesterday,0,30,0%,11.47
daily egg rate barwala,0,30,0%,12.07
dely egg ret,0,30,0%,12.47
today egg rate in namakkal,0,30,0%,24.13
ande ka price,0,30,0%,36.53
necc egg rate kolkata today,0,29,0%,7.34
today egg rate in hyderabad necc,0,29,0%,8.17
টুডে এগ রাতে,0,29,0%,8.24
eggs cost in india,0,29,0%,9.45
chicken egg price in kerala,0,29,0%,9.86
to egg rate,0,29,0%,10.31
one egg rate today,0,29,0%,10.59
egg price in today,0,29,0%,10.93
egg rate today in mumbai,0,29,0%,11.34
one egg price today,0,29,0%,12.17
eggs rate today in hyderabad,0,29,0%,13.86
egg market in india,0,29,0%,18.93
1 tray egg price,0,28,0%,7.82
today egg chennai rate,0,28,0%,8.71
egg rate.,0,28,0%,9.14
eggs rate today vizag,0,28,0%,10.39
barwala today rate,0,28,0%,10.57
berhampur egg rate,0,28,0%,10.75
egg rate today berhampur,0,28,0%,10.89
టుడే ఎగ్ రేట్ హైదరాబాద్,0,28,0%,11.21
hyd egg rate today,0,28,0%,11.25
egg price in dehradun,0,28,0%,11.64
today egg price in vijayawada,0,28,0%,13.21
egg retail price,0,28,0%,15.04
online egg rate,0,28,0%,22
karnataka egg price,0,27,0%,7
yesterday egg rate in hyderabad,0,27,0%,8.96
mumbai egg market,0,27,0%,10.63
egg rate today jaipur,0,27,0%,10.96
egg wholesale price in guwahati,0,27,0%,11.37
egg rate today hospet,0,27,0%,11.44
egg price in patna,0,27,0%,11.89
egg rate price,0,27,0%,12.26
today bangalore egg price,0,27,0%,12.37
egg rate hyderabad today,0,27,0%,13.33
anda market,0,27,0%,16.48
egg rate in delhi,0,27,0%,25.59
one egg price,0,27,0%,27.89
egg price kolkata,0,27,0%,28.7
hyderabad egg price today necc,0,26,0%,3.92
egg price per piece india,0,26,0%,5.04
today egg rate patna,0,26,0%,7.88
delhi necc egg price today,0,26,0%,8.23
30 egg price today near me,0,26,0%,8.31
mumbai today egg rate,0,26,0%,8.73
anda rate list,0,26,0%,9.42
tatti rate,0,26,0%,9.73
egg rate in patna,0,26,0%,9.81
today punjab egg rate,0,26,0%,10.54
egg bangalore rate,0,26,0%,12.35
hospet egg rate,0,26,0%,12.35
egg rate today noida,0,26,0%,13.69
egg rate in haryana,0,26,0%,13.96
rate of egg,0,26,0%,17.23
egg rate list,0,25,0%,10.16
bengaluru egg rate today,0,25,0%,10.6
barwala today egg rate,0,25,0%,15
namakkal egg price,0,25,0%,36.36
egg price india april 2025,0,24,0%,5.21
barwala.egg.rate,0,24,0%,9.29
egg tray price in chandigarh,0,24,0%,9.71
chennai eggs rate,0,24,0%,9.79
what is the rate of egg today,0,24,0%,9.92
necc egg rate today bangalore tomorrow,0,24,0%,11.29
egg rate visakhapatnam,0,24,0%,11.62
1 egg price in bangalore today,0,24,0%,12.08
egg rate in vijayawada,0,24,0%,12.38
rate of egg today,0,24,0%,14.29
today egg rate in haryana,0,24,0%,17.58
namakkal egg price today,0,24,0%,19.29
egg price today india necc,0,23,0%,2.65
एग प्राइस,0,23,0%,8.22
egg price list today,0,23,0%,8.35
today egg prices,0,23,0%,10
bhopal egg rate today,0,23,0%,10.09
ncc egg reat,0,23,0%,10.52
बरवाला अंडा रेट,0,23,0%,11.78
broiler egg rate today,0,23,0%,12.83
cost of one egg in india,0,23,0%,14.61
today's today egg rate,0,23,0%,16.22
egg price today in delhi,0,23,0%,21.39
aaj ka egg rate,0,23,0%,32
egg rate necc today,0,22,0%,7.59
how much do eggs cost in india,0,22,0%,7.91
varmala egg rate today,0,22,0%,8.23
egg chicken rate,0,22,0%,8.86
today bengaluru egg rate,0,22,0%,9.5
necc egg rate today in kolkata west bengal,0,22,0%,9.82
today price egg,0,22,0%,9.82
retail price of eggs today,0,22,0%,10
today hospet egg rate,0,22,0%,11
1 egg rate,0,22,0%,11.09
egg retail price in hyderabad today,0,22,0%,11.18
one egg price in india,0,22,0%,11.73
egg rate odisha,0,22,0%,11.91
today's egg price in hyderabad,0,22,0%,13.18
egg price today delhi,0,22,0%,16.45
agg price,0,22,0%,20.27
egg rate today raipur,0,22,0%,21.64
age rate today,0,22,0%,29.86
necc egg rate delhi today,0,21,0%,3.81
https://www.e2necc.com/home/eggprice,0,21,0%,4.52
necc egg rate bangalore today,0,21,0%,6.05
egg peti rate today,0,21,0%,9.81
egg today market price,0,21,0%,10.05
chicken egg rate today,0,21,0%,10.81
what is the egg rate today,0,21,0%,10.86
egg rate in berhampur,0,21,0%,11.48
egg tray price in dehradun today,0,21,0%,11.62
current egg prices,0,21,0%,15.86
namakkal egg wholesale rate today,0,21,0%,21.33
egg rate today pune,0,21,0%,33.52
punjab egg rate daily,0,21,0%,35.05
egg price tamil nadu today,0,20,0%,6.85
egg ka rate today,0,20,0%,7.8
hyderabad egg price today,0,20,0%,7.85
এগ রাতে,0,20,0%,8.25
egg rate kerala today,0,20,0%,8.7
present egg price,0,20,0%,9.25
one tray egg rate,0,20,0%,9.8
egg rate today gurgaon,0,20,0%,10.25
egg necc rate today in namakkal,0,20,0%,10.45
present egg rate,0,20,0%,11.15
egg rate today barwala mandi,0,20,0%,11.2
egg rate today in hyderabad,0,20,0%,13.4
egg rate delhi today,0,20,0%,21.6
hyderabad egg price,0,20,0%,24.1
bihar egg rate today,0,20,0%,24.4
egg price india per egg 2025,0,19,0%,3.53
bhopal anda rate,0,19,0%,7.37
all india egg price,0,19,0%,7.47
necc egg rate in hyderabad,0,19,0%,7.79
n e c c egg rate today,0,19,0%,8.47
white egg rate today,0,19,0%,9.11
"today egg rate near bengaluru, karnataka",0,19,0%,9.68
today egg price barwala,0,19,0%,10.26
egg price today vijayawada,0,19,0%,10.32
bangalore egg price today,0,19,0%,10.47
today egg rate kerala,0,19,0%,10.47
wholesale rate of egg,0,19,0%,10.68
today's bangalore egg rate,0,19,0%,11.37
egg delhi rate,0,19,0%,13.26
बरवाला अंडा का रेट,0,19,0%,14.16
egg price in odisha today,0,19,0%,14.58
today egg cost,0,19,0%,15.89
egg rate kolkata today,0,19,0%,17.84
today egg rate in karnataka,0,19,0%,18
egg rate in kolkata today,0,19,0%,21.16
बरवाला मंडी अंडे का रेट आज का,0,19,0%,23.63
today namakal egg rate,0,19,0%,25.58
నెక్ ఎగ్ రేట్,0,18,0%,5.28
1 egg cost in india,0,18,0%,9.33
egg price chandigarh,0,18,0%,9.5
today rate egg,0,18,0%,9.72
retail egg price today,0,18,0%,9.83
today egg rate wholesale,0,18,0%,9.83
what is the egg price today,0,18,0%,9.83
egg rate in jamshedpur,0,18,0%,10.17
egg price in namakkal,0,18,0%,10.56
100 egg price today,0,18,0%,10.61
today egg rate odisha,0,18,0%,10.78
anda mandi rate,0,18,0%,11.28
necc egg rate odisha,0,18,0%,11.89
punjab egg price,0,18,0%,13.28
barwala egg ret,0,18,0%,13.33
egg price vijayawada,0,18,0%,13.56
बरवाला अंडा रेट टुडे,0,18,0%,13.56
price of 1 egg in india,0,18,0%,15.56
egg rate today bihar,0,18,0%,24
egg rate in karnataka,0,18,0%,24.61
egg price kerala today,0,17,0%,3.06
what is necc egg,0,17,0%,7
india egg price today,0,17,0%,9.65
one egg rate,0,17,0%,10.06
anda ke rate,0,17,0%,10.29
today eggs rate visakhapatnam,0,17,0%,10.35
chennai egg price today,0,17,0%,11
1 egg rate today in bangalore,0,17,0%,11.41
haryana egg rate today,0,17,0%,11.88
necc egg rate today namakkal,0,17,0%,11.88
warangal egg rate,0,17,0%,11.88
egg reta,0,17,0%,12.76
rate of eggs,0,17,0%,13.53
today's egg rate in mumbai,0,17,0%,13.82
egg rate in namakkal,0,17,0%,17.18
egg price today kolkata,0,17,0%,17.65
egg rate in kolkata,0,17,0%,18.29
egg price in kolkata today,0,17,0%,19.53
egg price delhi,0,17,0%,24
today egg rate in tamilnadu,0,17,0%,24.71
egg and chicken rate,0,17,0%,26.41
egg rate raipur,0,17,0%,36.94
open egg rate,0,17,0%,71.65
egg current,0,16,0%,7.06
necc egg share price today,0,16,0%,8.19
ಟುಡೇ ಎಗ್ ರೇಟ್,0,16,0%,9.44
today egg rate price,0,16,0%,10
egg rate in warangal today,0,16,0%,10.31
1 egg price in kerala today,0,16,0%,10.5
anda price in india,0,16,0%,10.62
egg price chart,0,16,0%,11.94
ande ka rate mumbai,0,16,0%,12.44
eggreat,0,16,0%,12.94
egg retail price today,0,16,0%,13.31
today egg wholesale rate,0,16,0%,14.25
30 eggs price,0,16,0%,14.44
egg price in today necc patna bihar,0,16,0%,15.25
eggs cost today,0,16,0%,17.12
egg rate namakkal today,0,16,0%,17.25
egg price today in kolkata,0,16,0%,19.94
egg price today lucknow,0,15,0%,6.67
egg rate madurai,0,15,0%,8.13
egg rate today nagpur,0,15,0%,8.13
necc egg rate sheet,0,15,0%,8.87
today egg ret,0,15,0%,9.6
average price of egg tray in kanpur,0,15,0%,10.2
how much is one egg in india,0,15,0%,10.2
price of one egg in kerala,0,15,0%,10.67
egg farm rate today,0,15,0%,11.07
today egg rate coimbatore,0,15,0%,11.07
30 egg price today chennai,0,15,0%,11.27
todayeggrate.in egg rate,0,15,0%,12.4
egg rate wholesale,0,15,0%,12.8
today egg rate punjab,0,15,0%,12.8
egg price in haryana,0,15,0%,13.27
egg price in vijayawada,0,15,0%,13.6
egg paper rate today mumbai,0,15,0%,18
100 eggs price,0,15,0%,18.13
egg price hyderabad,0,15,0%,21.93
egg cost in hyderabad,0,15,0%,31.13
today a great,0,14,0%,7.21
mumbai egg price today,0,14,0%,7.43
bangalore necc egg rate,0,14,0%,8.14
boiled egg rate,0,14,0%,9.07
current price of eggs in india,0,14,0%,9.64
today egg retail price,0,14,0%,10
today wholesale egg rate,0,14,0%,10.14
eggrat,0,14,0%,10.43
eggs today,0,14,0%,10.5
eggs rate in punjab today,0,14,0%,10.79
today karnataka egg rate,0,14,0%,10.79
1 egg price in mumbai,0,14,0%,10.86
1 egg rate in chennai,0,14,0%,11.07
egg cost in chennai,0,14,0%,13.21
अंडा का रेट,0,14,0%,13.29
eggs wholesale price,0,14,0%,14.57
egg cost,0,14,0%,16.14
raipur anda rate,0,14,0%,20.5
delhi anda mandi rate,0,14,0%,22.21
anda delhi rate,0,14,0%,24.5
nagpur egg rate,0,14,0%,24.57
egg price in karnataka,0,14,0%,26
egg price today in hyderabad,0,14,0%,27.86
egg price raipur,0,14,0%,32.64
egg rate in raipur,0,14,0%,39.71
bardhaman egg rate,0,14,0%,41.14
egg cost india,0,13,0%,6.08
india egg prices,0,13,0%,7.31
chicken egg price in kerala today,0,13,0%,7.62
one egg cost in india,0,13,0%,7.92
chicken egg price,0,13,0%,8.46
necc egg rate warangal today,0,13,0%,9.54
anda market rate,0,13,0%,9.92
today egg tray price,0,13,0%,9.92
haryana egg rate,0,13,0%,10
normal egg price,0,13,0%,10
today's eggs price,0,13,0%,10.31
egg rate warangal,0,13,0%,10.46
ఎగ్ రేట్ టుడే,0,13,0%,11
today egg rat,0,13,0%,11.85
today egg price in karnataka,0,13,0%,11.92
wholesale egg price in bangalore,0,13,0%,11.92
1 tray egg price in india,0,13,0%,12.08
necc siliguri,0,13,0%,12.23
today egg market rate,0,13,0%,12.38
what is egg price today,0,13,0%,12.85
eggs prices,0,13,0%,13.31
egg wholesale rate in bangalore,0,13,0%,13.38
egg rate today ahmedabad,0,13,0%,13.77
eggs market price,0,13,0%,14.15
egg rate today in delhi,0,13,0%,15.15
eag rate,0,13,0%,15.31
mumbai egg price,0,13,0%,18.54
today egg rate mysore,0,13,0%,19.15
egg rate in maharashtra,0,13,0%,23.77
egg rate today namakkal,0,13,0%,25.08
andhra pradesh egg rate,0,13,0%,30.92